<?xml version="1.0" encoding="UTF-8"?>
<!DOCTYPE resources PUBLIC "-//GlassFish.org//DTD GlassFish Application Server 3.1 Resource Definitions//EN" "http://glassfish.org/dtds/glassfish-resources_1_5.dtd">
<resources>
    <jdbc-connection-pool allow-non-component-callers="false" associate-with-thread="false" connection-creation-retry-attempts="0" connection-creation-retry-interval-in-seconds="10" connection-leak-reclaim="false" connection-leak-timeout-in-seconds="0" connection-validation-method="auto-commit" datasource-classname="oracle.jdbc.pool.OracleDataSource" fail-all-connections="false" idle-timeout-in-seconds="300" is-connection-validation-required="false" is-isolation-level-guaranteed="true" lazy-connection-association="false" lazy-connection-enlistment="false" match-connections="false" max-connection-usage-count="0" max-pool-size="32" max-wait-time-in-millis="60000" name="oracle-thin_XE_INGE01Pool" non-transactional-connections="false" pool-resize-quantity="2" res-type="javax.sql.DataSource" statement-timeout-in-seconds="-1" steady-pool-size="8" validate-atmost-once-period-in-seconds="0" wrap-jdbc-objects="false">
        <property name="serverName" value="localhost"/>
        <property name="portNumber" value="1521"/>
        <property name="databaseName" value="XE"/>
        <property name="User" value="INGE01"/>
        <property name="Password" value=""/>
        <property name="URL" value="jdbc:oracle:thin:@localhost:1521:XE"/>
        <property name="driverClass" value="oracle.jdbc.OracleDriver"/>
    </jdbc-connection-pool>
    <jdbc-resource enabled="true" jndi-name="java:app/jdbc/inge" object-type="user" pool-name="oracle-thin_XE_INGE01Pool"/>
    <jdbc-connection-pool allow-non-component-callers="false" associate-with-thread="false" connection-creation-retry-attempts="0" connection-creation-retry-interval-in-seconds="10" connection-leak-reclaim="false" connection-leak-timeout-in-seconds="0" connection-validation-method="auto-commit" datasource-classname="oracle.jdbc.pool.OracleDataSource" fail-all-connections="false" idle-timeout-in-seconds="300" is-connection-validation-required="false" is-isolation-level-guaranteed="true" lazy-connection-association="false" lazy-connection-enlistment="false" match-connections="false" max-connection-usage-count="0" max-pool-size="32" max-wait-time-in-millis="60000" name="oracle-thin_XE_INGE01Pool_1" non-transactional-connections="false" pool-resize-quantity="2" res-type="javax.sql.DataSource" statement-timeout-in-seconds="-1" steady-pool-size="8" validate-atmost-once-period-in-seconds="0" wrap-jdbc-objects="false">
        <property name="serverName" value="localhost"/>
        <property name="portNumber" value="1521"/>
        <property name="databaseName" value="XE"/>
        <property name="User" value="INGE01"/>
        <property name="Password" value="root"/>
        <property name="URL" value="jdbc:oracle:thin:@localhost:1521:XE"/>
        <property name="driverClass" value="oracle.jdbc.OracleDriver"/>
    </jdbc-connection-pool>
    <jdbc-resource enabled="true" jndi-name="java:app/jdbc/inge01" object-type="user" pool-name="oracle-thin_XE_INGE01Pool_1"/>
    <jdbc-connection-pool allow-non-component-callers="false" associate-with-thread="false" connection-creation-retry-attempts="0" connection-creation-retry-interval-in-seconds="10" connection-leak-reclaim="false" connection-leak-timeout-in-seconds="0" connection-validation-method="auto-commit" datasource-classname="oracle.jdbc.pool.OracleDataSource" fail-all-connections="false" idle-timeout-in-seconds="300" is-connection-validation-required="false" is-isolation-level-guaranteed="true" lazy-connection-association="false" lazy-connection-enlistment="false" match-connections="false" max-connection-usage-count="0" max-pool-size="32" max-wait-time-in-millis="60000" name="oracle-thin_XE_MANUELPool" non-transactional-connections="false" pool-resize-quantity="2" res-type="javax.sql.DataSource" statement-timeout-in-seconds="-1" steady-pool-size="8" validate-atmost-once-period-in-seconds="0" wrap-jdbc-objects="false">
        <property name="serverName" value="localhost"/>
        <property name="portNumber" value="1521"/>
        <property name="databaseName" value="XE"/>
        <property name="User" value="MANUEL"/>
        <property name="Password" value="gongora"/>
        <property name="URL" value="jdbc:oracle:thin:@localhost:1521:XE"/>
        <property name="driverClass" value="oracle.jdbc.OracleDriver"/>
    </jdbc-connection-pool>
    <jdbc-resource enabled="true" jndi-name="java:app/jdbc/prime" object-type="user" pool-name="oracle-thin_XE_MANUELPool"/>
    <jdbc-resource enabled="true" jndi-name="java:app/sar/oracle" object-type="user" pool-name="oracle-thin_XE_MANUELPool"/>
    <jdbc-connection-pool allow-non-component-callers="false" associate-with-thread="false" connection-creation-retry-attempts="0" connection-creation-retry-interval-in-seconds="10" connection-leak-reclaim="false" connection-leak-timeout-in-seconds="0" connection-validation-method="auto-commit" datasource-classname="oracle.jdbc.pool.OracleDataSource" fail-all-connections="false" idle-timeout-in-seconds="300" is-connection-validation-required="false" is-isolation-level-guaranteed="true" lazy-connection-association="false" lazy-connection-enlistment="false" match-connections="false" max-connection-usage-count="0" max-pool-size="32" max-wait-time-in-millis="60000" name="oracle-thin_XE_ALFAROPool" non-transactional-connections="false" pool-resize-quantity="2" res-type="javax.sql.DataSource" statement-timeout-in-seconds="-1" steady-pool-size="8" validate-atmost-once-period-in-seconds="0" wrap-jdbc-objects="false">
        <property name="serverName" value="localhost"/>
        <property name="portNumber" value="1521"/>
        <property name="databaseName" value="XE"/>
        <property name="User" value="ALFARO"/>
        <property name="Password" value="root"/>
        <property name="URL" value="jdbc:oracle:thin:@localhost:1521:XE"/>
        <property name="driverClass" value="oracle.jdbc.OracleDriver"/>
    </jdbc-connection-pool>
    <jdbc-resource enabled="true" jndi-name="java:app/alfaro/oracle" object-type="user" pool-name="oracle-thin_XE_ALFAROPool"/>
    <jdbc-connection-pool allow-non-component-callers="false" associate-with-thread="false" connection-creation-retry-attempts="0" connection-creation-retry-interval-in-seconds="10" connection-leak-reclaim="false" connection-leak-timeout-in-seconds="0" connection-validation-method="auto-commit" datasource-classname="oracle.jdbc.pool.OracleDataSource" fail-all-connections="false" idle-timeout-in-seconds="300" is-connection-validation-required="false" is-isolation-level-guaranteed="true" lazy-connection-association="false" lazy-connection-enlistment="false" match-connections="false" max-connection-usage-count="0" max-pool-size="32" max-wait-time-in-millis="60000" name="oracle-thin_XE_INGE3Pool" non-transactional-connections="false" pool-resize-quantity="2" res-type="javax.sql.DataSource" statement-timeout-in-seconds="-1" steady-pool-size="8" validate-atmost-once-period-in-seconds="0" wrap-jdbc-objects="false">
        <property name="serverName" value="localhost"/>
        <property name="portNumber" value="1521"/>
        <property name="databaseName" value="XE"/>
        <property name="User" value="INGE3"/>
        <property name="Password" value="root"/>
        <property name="URL" value="jdbc:oracle:thin:@localhost:1521:XE"/>
        <property name="driverClass" value="oracle.jdbc.OracleDriver"/>
    </jdbc-connection-pool>
    <jdbc-resource enabled="true" jndi-name="java:app/jdbc/hartoalamil" object-type="user" pool-name="oracle-thin_XE_INGE3Pool"/>
</resources>
